id,weight_decay,batch_size,reward,dataset,dropout_ratio,lr,edge_ratio,pooling_ratio,num_layers,K
orEKj,0,256,0.7342995169082126,NCI109,0,0.001,0.2738763173277235,0.2039835968883665,5,4
zD502,0,256,0.785024154589372,NCI109,0,0.001,0.26328752186818233,0.8293486454231659,3,3
IaIsE,0,256,0.7463768115942029,NCI109,0,0.001,0.6610691794826199,0.5763100451930526,5,2
zYE9S,0,256,0.6835748792270532,NCI109,0,0.001,0.2174384050172563,0.4264031170730067,3,1
fwZ5w,0,256,0.6352657004830918,NCI109,0,0.001,0.9226084493019693,0.35668821008939333,2,1
QAS1C,0,256,0.7415458937198067,NCI109,0,0.001,0.2272466318120948,0.44553001682849624,5,2
QBNbi,0,256,0.7777777777777778,NCI109,0,0.001,0.6637613936377833,0.7286151421522408,6,2
rHUI7,0,256,0.6642512077294686,NCI109,0,0.001,0.7398952782256325,0.7562679630585495,2,1
OUNC8,0,256,0.6159420289855072,NCI109,0,0.001,0.3876948020553739,0.45560492348808646,4,1
TEWgo,0,256,0.7222222222222222,NCI109,0,0.001,0.9206857261547332,0.15460640470799786,2,3
OsLwo,0,256,0.8019323671497585,NCI109,0,0.001,0.23420263724537788,0.6463120417937608,3,3
g9stW,0,256,0.7657004830917874,NCI109,0,0.001,0.528728292898091,0.7742450726701292,3,2
R6MRY,0,256,0.717391304347826,NCI109,0,0.001,0.5511378631952939,0.2055654796153138,3,3
NRfwp,0,256,0.678743961352657,NCI109,0,0.001,0.7477252756837378,0.10479135281055899,4,2
NoHCu,0,256,0.5821256038647343,NCI109,0,0.001,0.5155272243035328,0.10691046273869614,2,1
pErU5,0,256,0.6473429951690821,NCI109,0,0.001,0.7731860723883617,0.17995516505593115,3,1
T9ked,0,256,0.7801932367149759,NCI109,0,0.001,0.47048249709125206,0.5394203271447092,3,4
LOgKR,0,256,0.606280193236715,NCI109,0,0.001,0.3574512834555189,0.899426060991725,4,1
MdApN,0,256,0.7101449275362319,NCI109,0,0.001,0.47797550765164215,0.4205270512401307,5,3
j8Rjg,0,256,0.7681159420289855,NCI109,0,0.001,0.5984893325382563,0.825920995708496,4,2
MPuJP,0,256,0.7705314009661836,NCI109,0,0.001,0.37723298454686144,0.41290769835801544,3,2
YrvIg,0,256,0.644927536231884,NCI109,0,0.001,0.23891869189277382,0.7698110163811012,2,1
tiHMe,0,256,0.6231884057971014,NCI109,0,0.001,0.5890463052692299,0.5406181736650834,4,1
kc7vU,0,256,0.7608695652173914,NCI109,0,0.001,0.6487196402718369,0.5162682768344008,2,2
Vcfoo,0,256,0.7342995169082126,NCI109,0,0.001,0.6468983168640414,0.3371407104935205,6,4
i9nbk,0,256,0.7101449275362319,NCI109,0,0.001,0.517981305777123,0.35403463297966276,5,3
bITO6,0,256,0.6280193236714976,NCI109,0,0.001,0.30082021010592896,0.3223183262793886,6,1
yJDZF,0,256,0.6256038647342995,NCI109,0,0.001,0.394501057689182,0.7811427085369037,3,1
mk6Tf,0,256,0.7971014492753623,NCI109,0,0.001,0.23391908721799545,0.49340552725298037,6,3
KTRkQ,0,256,0.6932367149758454,NCI109,0,0.001,0.7256738290169436,0.11414038699287109,4,2
xF0Yb,0,256,0.7657004830917874,NCI109,0,0.001,0.702227268223439,0.7069348696678353,5,4
g1968,0,256,0.7632850241545893,NCI109,0,0.001,0.8656799273285678,0.15068744734545217,2,4
jSVkn,0,256,0.8091787439613527,NCI109,0,0.001,0.3053958744912552,0.7386896500184477,3,3
gC0tZ,0,256,0.7753623188405797,NCI109,0,0.001,0.5907862747228247,0.23407225869895099,2,3
piwPr,0,256,0.751207729468599,NCI109,0,0.001,0.49160957128438654,0.7970524025681983,3,3
NTzeP,0,256,0.7753623188405797,NCI109,0,0.001,0.42196547867924333,0.5733832974834525,3,2
hV7PF,0,256,0.7318840579710145,NCI109,0,0.001,0.7068293428368142,0.32828072607300013,5,3
DeKti,0,256,0.7681159420289855,NCI109,0,0.001,0.7016912386909686,0.2692002991419987,2,3
ahX9A,0,256,0.6884057971014492,NCI109,0,0.001,0.7144249753557337,0.13350862054922832,3,2
UtqtZ,0,256,0.782608695652174,NCI109,0,0.001,0.23740112357041332,0.897445649683311,3,3
smBhL,0,256,0.7753623188405797,NCI109,0,0.001,0.21631807151545202,0.6509198259339347,6,3
emvzX,0,256,0.7777777777777778,NCI109,0,0.001,0.2220799599890531,0.6362243818005271,3,3
hXAeM,0,256,0.7777777777777778,NCI109,0,0.001,0.20673899392015968,0.6448258523095194,3,3
VRNQz,0,256,0.7536231884057971,NCI109,0,0.001,0.20339175266113538,0.6801420683421552,3,3
aFVcP,0,256,0.782608695652174,NCI109,0,0.001,0.31380122660813864,0.6456009944710706,3,3
cCmQt,0,256,0.785024154589372,NCI109,0,0.001,0.3064353297463184,0.6337256486259427,6,3
hder6,0,256,0.7536231884057971,NCI109,0,0.001,0.33750744762087614,0.6439892929841652,6,3
Zv8Wp,0,256,0.7777777777777778,NCI109,0,0.001,0.3154838127333336,0.6536035181027475,6,3
TY5wY,0,256,0.7995169082125604,NCI109,0,0.001,0.3134977407535075,0.6444328339280517,6,3
SPeFq,0,256,0.7657004830917874,NCI109,0,0.001,0.311504874571975,0.6788824271024142,3,3
mR4pJ,0,256,0.7705314009661836,NCI109,0,0.001,0.31183734497970095,0.6697406342917482,3,3
eVPzH,0,256,0.7632850241545893,NCI109,0,0.001,0.31165482240949915,0.6745698936977863,3,3
ADlDs,0,256,0.7922705314009661,NCI109,0,0.001,0.3001113544120029,0.6338954934846488,6,3
uitdG,0,256,0.7777777777777778,NCI109,0,0.001,0.3088161435712124,0.5992179013252262,6,3
pF8gX,0,256,0.7922705314009661,NCI109,0,0.001,0.3307453054457473,0.6093474932112408,6,3
UuAEQ,0,256,0.751207729468599,NCI109,0,0.001,0.30624414087296975,0.5926716777537508,6,3
uDosD,0,256,0.7898550724637681,NCI109,0,0.001,0.3028572484532187,0.7090467803239484,6,3
CKrnu,0,256,0.751207729468599,NCI109,0,0.001,0.30368877850142983,0.8556125621593544,6,3
bjL52,0,256,0.7657004830917874,NCI109,0,0.001,0.3132371759124417,0.6173818946077361,3,3
zrIIo,0,256,0.7681159420289855,NCI109,0,0.001,0.9807743212171934,0.8629665405506545,6,3
UKBUF,0,256,0.8067632850241546,NCI109,0,0.001,0.45267641128396485,0.8605543946985974,6,3
ln4I3,0,256,0.7898550724637681,NCI109,0,0.001,0.4433520662182945,0.858122564158537,6,3
Suept,0,256,0.7729468599033816,NCI109,0,0.001,0.4309083253033253,0.849690571832885,3,3
AsokT,0,256,0.7801932367149759,NCI109,0,0.001,0.45043002177138797,0.8604887463596493,6,4
OOTfA,0,256,0.7753623188405797,NCI109,0,0.001,0.8459013445024368,0.8552669048323067,6,4
JTyov,0,256,0.8019323671497585,NCI109,0,0.001,0.4287374287709186,0.8546489165562096,6,4
FlmD7,0,256,0.8019323671497585,NCI109,0,0.001,0.99461776370002,0.8563718117287935,4,4
tzJ2o,0,256,0.782608695652174,NCI109,0,0.001,0.441201475076346,0.8581574567915228,4,4
utZwe,0,256,0.7995169082125604,NCI109,0,0.001,0.9837713475810881,0.8391995067959329,4,4
pFvNF,0,256,0.7898550724637681,NCI109,0,0.001,0.815071563290537,0.8553756167934778,4,4
irowS,0,256,0.8019323671497585,NCI109,0,0.001,0.44889696986986516,0.8667536484932761,4,4
tPP3X,0,256,0.821256038647343,NCI109,0,0.001,0.43613286095530035,0.8437253112627748,4,4
pMzCm,0,256,0.7898550724637681,NCI109,0,0.001,0.44665722309654154,0.8619159197334236,4,4
iS6Go,0,256,0.8043478260869565,NCI109,0,0.001,0.8396318804351175,0.8547761983100168,4,4
SZPw8,0,256,0.8067632850241546,NCI109,0,0.001,0.8269525644699807,0.8723144103133983,4,4
fYFaX,0,256,0.7922705314009661,NCI109,0,0.001,0.9577335850611401,0.7289912046008838,4,4
RfciG,0,256,0.8188405797101449,NCI109,0,0.001,0.9759989018945076,0.8621853841255191,4,4
yjW01,0,256,0.7584541062801933,NCI109,0,0.001,0.5580418150319967,0.7229074622632612,2,4
UV1g9,0,256,0.782608695652174,NCI109,0,0.001,0.5514220976843233,0.7359993157256131,2,4
NDDue,0,256,0.7729468599033816,NCI109,0,0.001,0.844839117131408,0.7444492055525453,2,4
wBmC7,0,256,0.6280193236714976,NCI109,0,0.001,0.5535378022095727,0.8095602535862928,2,1
uo5vl,0,256,0.7898550724637681,NCI109,0,0.001,0.8432292959798156,0.8102538238220673,2,4
AMLXy,0,256,0.782608695652174,NCI109,0,0.001,0.5530479232153209,0.8115089211043252,2,4
v6eQu,0,256,0.6352657004830918,NCI109,0,0.001,0.5579256804429897,0.81015209877335,2,1
Ynen0,0,256,0.6545893719806763,NCI109,0,0.001,0.5631359938898888,0.744783248893263,2,1
An9h1,0,256,0.8067632850241546,NCI109,0,0.001,0.5649017267109218,0.8153984978798319,4,4
BkvpM,0,256,0.8043478260869565,NCI109,0,0.001,0.5560277516803931,0.8091800624099263,4,4
ZJWyW,0,256,0.7729468599033816,NCI109,0,0.001,0.5610396503006406,0.8004022308600856,4,4
lwnU2,0,256,0.8043478260869565,NCI109,0,0.001,0.5564984720870609,0.8047511947837104,4,4
DyvGf,0,256,0.7874396135265701,NCI109,0,0.001,0.555253426674151,0.7363719390524405,4,4
NCVov,0,256,0.7971014492753623,NCI109,0,0.001,0.5549272689686898,0.80452149079861,2,4
C6XuY,0,256,0.7753623188405797,NCI109,0,0.001,0.5603077525158138,0.801793402020898,2,4
deWPL,0,256,0.6739130434782609,NCI109,0,0.001,0.26402318402245606,0.7443356335886219,2,1
vW8hx,0,256,0.6352657004830918,NCI109,0,0.001,0.5673851014320026,0.816174534271804,2,1
IZA6z,0,256,0.6763285024154589,NCI109,0,0.001,0.4891531979718354,0.8110652165438579,5,1
iszJK,0,256,0.6690821256038647,NCI109,0,0.001,0.27520635923314196,0.8856768241422226,5,1
s1avm,0,256,0.678743961352657,NCI109,0,0.001,0.2660380323045169,0.8154257991850766,5,1
JPYaO,0,256,0.7584541062801933,NCI109,0,0.001,0.2636999173570364,0.8919382617181981,5,2
xWDIl,0,256,0.6859903381642513,NCI109,0,0.001,0.2682098778398737,0.8850503699879387,5,1
rd2fL,0,256,0.6908212560386473,NCI109,0,0.001,0.4942728777672987,0.8942896826061091,5,1
OOdlm,0,256,0.6835748792270532,NCI109,0,0.001,0.4922502276516265,0.7653368129568051,5,1
RzySt,0,256,0.678743961352657,NCI109,0,0.001,0.27162855434698197,0.895961003004018,5,1
fhJ1I,0,256,0.6690821256038647,NCI109,0,0.001,0.2672700084278057,0.8921597829142234,5,1
WmnFs,0,256,0.644927536231884,NCI109,0,0.001,0.26006686623150405,0.764978525066898,5,1
iioq9,0,256,0.7777777777777778,NCI109,0,0.001,0.2689966135727686,0.8963547929238855,5,2
rEpCF,0,256,0.644927536231884,NCI109,0,0.001,0.25697311331701317,0.7691530411569659,5,1
pPCYm,0,256,0.7681159420289855,NCI109,0,0.001,0.36361104690476587,0.7757859692082197,5,2
mbpbX,0,256,0.7657004830917874,NCI109,0,0.001,0.40796635234720435,0.8990023479577498,5,2
Xjg36,0,256,0.7536231884057971,NCI109,0,0.001,0.26491980880426846,0.8993286678900269,5,2
JZmSb,0,256,0.7729468599033816,NCI109,0,0.001,0.26387114781836796,0.5600749805139895,5,2
YUPoI,0,256,0.7729468599033816,NCI109,0,0.001,0.2643677206250189,0.7664111491595501,5,2
VE21h,0,256,0.785024154589372,NCI109,0,0.001,0.2595604908161443,0.8871904455430052,5,2
k4MQf,0,256,0.751207729468599,NCI109,0,0.001,0.2704032605373165,0.8890445940330087,5,2
fTSr6,0,256,0.7632850241545893,NCI109,0,0.001,0.39201792031478194,0.8907587069641242,5,2
uKVJd,0,256,0.7632850241545893,NCI109,0,0.001,0.6192814420803906,0.48390542131883885,5,2
L6cv8,0,256,0.7608695652173914,NCI109,0,0.001,0.3714515385902534,0.5393490514758107,3,2
wWMLB,0,256,0.751207729468599,NCI109,0,0.001,0.6168194538239224,0.5398540648941634,3,2
ZrnEt,0,256,0.7608695652173914,NCI109,0,0.001,0.3722631028374912,0.5617305153804917,3,2
R6Cvm,0,256,0.7391304347826086,NCI109,0,0.001,0.6284636695415783,0.5601845893533197,3,2
m3wh4,0,256,0.7608695652173914,NCI109,0,0.001,0.6140095408139622,0.5579106226078769,3,2
ZKUM0,0,256,0.7657004830917874,NCI109,0,0.001,0.6228512541027189,0.5625917100357636,3,2
kH6OD,0,256,0.7632850241545893,NCI109,0,0.001,0.6242172261334533,0.5585590533691069,3,2
BT3Ye,0,256,0.7560386473429952,NCI109,0,0.001,0.3788191801804506,0.5430270304878473,3,2
Hc5wQ,0,256,0.7801932367149759,NCI109,0,0.001,0.6312611468575402,0.4810360676464076,3,4
zR2x6,0,256,0.7801932367149759,NCI109,0,0.001,0.3775018926638153,0.6991136429099299,3,4
Zfn4t,0,256,0.7946859903381642,NCI109,0,0.001,0.35355487802070446,0.39250745904278433,3,4
ly1Cz,0,256,0.782608695652174,NCI109,0,0.001,0.3820242895957663,0.699291621592251,3,4
oJVre,0,256,0.7439613526570048,NCI109,0,0.001,0.6250243601726141,0.4926777511545524,3,4
khd8c,0,256,0.782608695652174,NCI109,0,0.001,0.3658531500197475,0.48005239166034797,3,4
tR8bQ,0,256,0.7681159420289855,NCI109,0,0.001,0.8810409036581609,0.6976123724272274,3,4
L9bSK,0,256,0.7777777777777778,NCI109,0,0.001,0.915972774053369,0.4489480411939225,3,4
uDFXh,0,256,0.7898550724637681,NCI109,0,0.001,0.6224983076593897,0.8324671744903408,3,4
ToxUB,0,256,0.7632850241545893,NCI109,0,0.001,0.7803766062272686,0.47793975809642814,4,4
lYUIE,0,256,0.782608695652174,NCI109,0,0.001,0.8954396520365402,0.6921890990975661,4,4
tZtap,0,256,0.7681159420289855,NCI109,0,0.001,0.7665395195948521,0.4769996985798175,4,4
EZak6,0,256,0.7898550724637681,NCI109,0,0.001,0.6783632129644621,0.6906271390774755,4,4
Qcbza,0,256,0.7632850241545893,NCI109,0,0.001,0.8931905035173373,0.4907898141082684,4,4
RP2tR,0,256,0.7729468599033816,NCI109,0,0.001,0.887015712192568,0.47855543518919036,4,4
S8rIk,0,256,0.782608695652174,NCI109,0,0.001,0.7696938825536486,0.47065754135472276,4,4
F9POp,0,256,0.7657004830917874,NCI109,0,0.001,0.8999825380350239,0.48952156448621076,4,4
oxXKv,0,256,0.7753623188405797,NCI109,0,0.001,0.7709432696847084,0.6916788481627463,4,3
qmtVq,0,256,0.7995169082125604,NCI109,0,0.001,0.7698162088842877,0.6975808690032264,4,3
INeve,0,256,0.7777777777777778,NCI109,0,0.001,0.9211690659833487,0.8367851134402318,4,3
S0Vja,0,256,0.7777777777777778,NCI109,0,0.001,0.9104606792281549,0.2901695859619881,4,3
hYu0e,0,256,0.7995169082125604,NCI109,0,0.001,0.758865016998497,0.8336761204353526,4,3
DAAOV,0,256,0.782608695652174,NCI109,0,0.001,0.7708146195844364,0.2976815551379461,4,3
D1FOM,0,256,0.7681159420289855,NCI109,0,0.001,0.6743008024793142,0.8329882289216344,4,3
RdBcT,0,256,0.8236714975845411,NCI109,0,0.001,0.6789342050503835,0.8415868386404055,4,3
UG0YB,0,256,0.8188405797101449,NCI109,0,0.001,0.6812454493398415,0.6642492407976142,4,3
z9d2h,0,256,0.7294685990338164,NCI109,0,0.001,0.4641755489740507,0.29041634595384164,4,3
X6D79,0,256,0.7584541062801933,NCI109,0,0.001,0.5285072585833535,0.2974569727518178,4,3
d6KIm,0,256,0.782608695652174,NCI109,0,0.001,0.7390439043343087,0.26388321961218786,4,3
BJjPZ,0,256,0.7971014492753623,NCI109,0,0.001,0.5125088072630011,0.7858163096862183,4,3
IztO3,0,256,0.751207729468599,NCI109,0,0.001,0.6679952342656046,0.5183459223270533,4,3
PaVYX,0,256,0.7415458937198067,NCI109,0,0.001,0.4704346284648655,0.2839430706255476,4,3
s4Vnr,0,256,0.7971014492753623,NCI109,0,0.001,0.5209191687002785,0.7867566605177106,4,3
FxU7I,0,256,0.7632850241545893,NCI109,0,0.001,0.5894502533400577,0.5186593949116405,4,3
K3L2l,0,256,0.7874396135265701,NCI109,0,0.001,0.5181995386670489,0.6637973524918461,4,3
d06Ni,0,256,0.7415458937198067,NCI109,0,0.001,0.3356866418258457,0.2856365066858719,4,3
FIzhX,0,256,0.7801932367149759,NCI109,0,0.001,0.40706933744655266,0.7869217114705713,4,3
sM9DH,0,256,0.7777777777777778,NCI109,0,0.001,0.5266887520984728,0.2714377681137373,4,3
jkAWh,0,256,0.782608695652174,NCI109,0,0.001,0.5198957141803258,0.7834788479292178,4,3
NkIPt,0,256,0.751207729468599,NCI109,0,0.001,0.5244068177741628,0.2989214066845235,4,3
Q93cr,0,256,0.7922705314009661,NCI109,0,0.001,0.47617138943190124,0.6678590417147644,4,4
V8lGy,0,256,0.7729468599033816,NCI109,0,0.001,0.5146395892719952,0.789008669646444,4,4
UEp1r,0,256,0.7584541062801933,NCI109,0,0.001,0.47099154254553277,0.7849357598367829,6,3
DnS2O,0,256,0.7753623188405797,NCI109,0,0.001,0.5189702345960314,0.789088547587959,6,3
Z5wjC,0,256,0.8067632850241546,NCI109,0,0.001,0.5101626017287444,0.751315541808668,4,4
N4VB4,0,256,0.7898550724637681,NCI109,0,0.001,0.5276655835244073,0.7903569796693873,4,3
vH2ij,0,256,0.7632850241545893,NCI109,0,0.001,0.5232006048279132,0.5199200031846754,4,3
AbLc8,0,256,0.7922705314009661,NCI109,0,0.001,0.9530462439559212,0.7863803031005911,4,3
AAgJN,0,256,0.785024154589372,NCI109,0,0.001,0.9450297057892907,0.7877468965729846,4,3
Jzooe,0,256,0.7777777777777778,NCI109,0,0.001,0.8023302766450056,0.7142832574230255,4,3
C4MGb,0,256,0.7753623188405797,NCI109,0,0.001,0.8078418705075829,0.6199292373070825,4,3
qop9X,0,256,0.7874396135265701,NCI109,0,0.001,0.7332788113056901,0.623442656039841,4,3
O1VFt,0,256,0.8067632850241546,NCI109,0,0.001,0.8015491059873527,0.6637350855832873,4,3
wUWMI,0,256,0.785024154589372,NCI109,0,0.001,0.7976247276918618,0.6188257626063794,4,3
O1CZZ,0,256,0.7463768115942029,NCI109,0,0.001,0.9554813476060885,0.3924774810294405,4,3
S6gGa,0,256,0.782608695652174,NCI109,0,0.001,0.8013910862109274,0.6184247845764707,4,3
gUU58,0,256,0.8043478260869565,NCI109,0,0.001,0.7965944298465077,0.5903575351271393,4,3
c2zWa,0,256,0.7995169082125604,NCI109,0,0.001,0.8005386284734184,0.6242656712354608,4,3
Xtiv4,0,256,0.7681159420289855,NCI109,0,0.001,0.8658649286871644,0.6215452392560371,4,3
yniGM,0,256,0.7946859903381642,NCI109,0,0.001,0.7957318920109562,0.7175521574418917,4,3
v8NHJ,0,256,0.7608695652173914,NCI109,0,0.001,0.962135143830021,0.6227222737558196,4,3
N6jHR,0,256,0.7705314009661836,NCI109,0,0.001,0.9566951980816626,0.6188274250039062,4,3
pT2Ap,0,256,0.785024154589372,NCI109,0,0.001,0.8015949791049773,0.7183587106264344,4,3
vl79i,0,256,0.7608695652173914,NCI109,0,0.001,0.788755655849239,0.7150065443621157,4,4
bpWkM,0,256,0.8140096618357487,NCI109,0,0.001,0.797706392736821,0.7204587104467666,4,4
MFVcI,0,256,0.7946859903381642,NCI109,0,0.001,0.6470538520404657,0.609704929388918,4,4
dskIX,0,256,0.785024154589372,NCI109,0,0.001,0.724598683647954,0.626287072471417,2,4
f47jz,0,256,0.785024154589372,NCI109,0,0.001,0.6895906359682338,0.6119917895672826,2,4
yrN5r,0,256,0.782608695652174,NCI109,0,0.001,0.6981813311237172,0.5827941817752407,2,4
n1OzH,0,256,0.7705314009661836,NCI109,0,0.001,0.8606014652480487,0.3862250422347551,2,4
h93mP,0,256,0.7946859903381642,NCI109,0,0.001,0.6945481793943634,0.8734525050138005,2,4
ZPpEH,0,256,0.7584541062801933,NCI109,0,0.001,0.6463947783679214,0.16524381869173677,2,4
I4WNk,0,256,0.7753623188405797,NCI109,0,0.001,0.6456556663104677,0.7241998903678996,2,4
DcWjF,0,256,0.7971014492753623,NCI109,0,0.001,0.6987833754831583,0.589601736882114,2,4
EyMB8,0,256,0.7898550724637681,NCI109,0,0.001,0.69351520960911,0.8767817658561848,2,4
iDTNn,0,256,0.7971014492753623,NCI109,0,0.001,0.6482192245440428,0.721787191019271,2,4
zkCdY,0,256,0.7657004830917874,NCI109,0,0.001,0.6917599489691433,0.586943378634282,2,4
n5ax6,0,256,0.7898550724637681,NCI109,0,0.001,0.6944777780712021,0.8768223231949893,2,4
qfdS0,0,256,0.7995169082125604,NCI109,0,0.001,0.6834161251800541,0.8740570564024365,2,4
FXHva,0,256,0.7632850241545893,NCI109,0,0.001,0.6486296314848533,0.7558208011398394,2,4
wcxGv,0,256,0.7705314009661836,NCI109,0,0.001,0.5843590450737999,0.19470495465691307,2,4
cCdNg,0,256,0.7681159420289855,NCI109,0,0.001,0.6443187501476944,0.7260887915676338,6,4
H6vUO,0,256,0.7946859903381642,NCI109,0,0.001,0.6478262448698656,0.823168334419758,4,4
SwY9d,0,256,0.7391304347826086,NCI109,0,0.001,0.5828400015121054,0.16933711263971984,6,4
kjgZw,0,256,0.785024154589372,NCI109,0,0.001,0.5977106143746858,0.8741053632423277,6,4
DEvKE,0,256,0.7632850241545893,NCI109,0,0.001,0.5766598411687658,0.729937460165106,6,4
hDOYx,0,256,0.5797101449275363,NCI109,0,0.001,0.5771022229215348,0.7575855224777369,6,1
o7Gpu,0,256,0.6038647342995169,NCI109,0,0.001,0.652192093237084,0.7539979842806793,4,1
kcnhl,0,256,0.5676328502415459,NCI109,0,0.001,0.5818175226144302,0.7568059081914905,6,1
VDz9o,0,256,0.7246376811594203,NCI109,0,0.001,0.5766812129808478,0.2026691622232878,6,4
Gn85i,0,256,0.5628019323671497,NCI109,0,0.001,0.5962111293821931,0.7543447677706039,6,1
M1211,0,256,0.606280193236715,NCI109,0,0.001,0.5932018495773892,0.43179931514117875,6,1
XNknT,0,256,0.5652173913043478,NCI109,0,0.001,0.824804454729087,0.7600994828339658,6,1
yMhkW,0,256,0.6038647342995169,NCI109,0,0.001,0.7514224789987276,0.7548439853077574,4,1
Gh2Mv,0,256,0.5676328502415459,NCI109,0,0.001,0.5804464622815672,0.7611442154881701,4,1
aPcCP,0,256,0.5555555555555556,NCI109,0,0.001,0.5813724666635669,0.7614612903820501,6,1
XLU2D,0,256,0.6376811594202898,NCI109,0,0.001,0.5997730234603366,0.84254350305072,6,1
ipRjX,0,256,0.606280193236715,NCI109,0,0.001,0.5827075559535619,0.7527949340175275,6,1
AQnDa,0,256,0.5531400966183575,NCI109,0,0.001,0.5922347383018445,0.7494020195307571,4,1
PPuLn,0,256,0.6352657004830918,NCI109,0,0.001,0.6000311769122862,0.4236574228033826,6,1
jl6BQ,0,256,0.6207729468599034,NCI109,0,0.001,0.6029223194213271,0.8466836258652766,6,1
ouCXs,0,256,0.5434782608695652,NCI109,0,0.001,0.8237060203973884,0.43198958606240107,6,1
Jdtao,0,256,0.5917874396135265,NCI109,0,0.001,0.5845143147802943,0.7587706674478558,6,1
Zp1a7,0,256,0.6739130434782609,NCI109,0,0.001,0.6046463819796116,0.43429317616276353,4,1
Al5QI,0,256,0.6376811594202898,NCI109,0,0.001,0.40174375671585566,0.6484382690269278,4,1
c3zre,0,256,0.606280193236715,NCI109,0,0.001,0.6036126954005028,0.7646670295742896,4,1
pS8Tm,0,256,0.6400966183574879,NCI109,0,0.001,0.7154696877147882,0.8477158638411575,4,1
YLJJY,0,256,0.6304347826086957,NCI109,0,0.001,0.7193578321436807,0.425409098893141,4,1
sFpHp,0,256,0.6594202898550725,NCI109,0,0.001,0.41998660500451834,0.8407330436723774,4,1
e5j8v,0,256,0.6545893719806763,NCI109,0,0.001,0.9837356087912945,0.6721383155641096,4,1
FBUYf,0,256,0.7439613526570048,NCI109,0,0.001,0.40487606094175504,0.8437813312673828,4,2
XgV4y,0,256,0.7729468599033816,NCI109,0,0.001,0.7498593849893787,0.6799754546350593,4,2
sFBBQ,0,256,0.7608695652173914,NCI109,0,0.001,0.4103981319772634,0.8396460594056914,4,2
kmvjg,0,256,0.7077294685990339,NCI109,0,0.001,0.41560346657580566,0.42685129654265613,4,2
RZo3B,0,256,0.7318840579710145,NCI109,0,0.001,0.9894848504628582,0.4137897857143912,4,2
qGQG1,0,256,0.7729468599033816,NCI109,0,0.001,0.9976891331867557,0.6416872131636001,4,2
Wd5mr,0,256,0.7415458937198067,NCI109,0,0.001,0.7176628187116801,0.6786966813550375,4,2
Kg9To,0,256,0.7777777777777778,NCI109,0,0.001,0.20388764712896038,0.6538246090860932,4,3
ZWyQb,0,256,0.7608695652173914,NCI109,0,0.001,0.4112356309589497,0.6778422864445468,4,2
F6nPs,0,256,0.7439613526570048,NCI109,0,0.001,0.4219937380103435,0.6495055432435727,4,2
i4iFv,0,256,0.7657004830917874,NCI109,0,0.001,0.9850707956523084,0.8427594476709117,4,2
s9zDb,0,256,0.7536231884057971,NCI109,0,0.001,0.42960822005921157,0.8251897648873634,4,2
qiCqZ,0,256,0.7198067632850241,NCI109,0,0.001,0.9924410701263633,0.3519564084778265,4,2
gNkbm,0,256,0.7608695652173914,NCI109,0,0.001,0.42025752066329425,0.6783671356884613,4,2
H4wxh,0,256,0.7367149758454107,NCI109,0,0.001,0.435312440674374,0.35012164310269467,4,3
o6Ulm,0,256,0.7729468599033816,NCI109,0,0.001,0.428942016127723,0.8225126490483176,4,3
fWpks,0,256,0.7463768115942029,NCI109,0,0.001,0.43058599681819565,0.3541251126104898,4,3
fbgfH,0,256,0.6859903381642513,NCI109,0,0.001,0.5445498824055623,0.23507834367071495,4,2
VvThU,0,256,0.7632850241545893,NCI109,0,0.001,0.43301000981601984,0.8176967926471711,4,2
AQn9c,0,256,0.782608695652174,NCI109,0,0.001,0.9987076937221138,0.8241185692814917,4,3
IZkBr,0,256,0.7367149758454107,NCI109,0,0.001,0.3517171850421489,0.8142926663672815,4,3
KrQZW,0,256,0.6811594202898551,NCI109,0,0.001,0.49774405108814157,0.1331097616182681,4,3
wHFwC,0,256,0.7777777777777778,NCI109,0,0.001,0.5388513893169118,0.23743489241307902,4,3
sEGAd,0,256,0.7729468599033816,NCI109,0,0.001,0.5415653413046938,0.8245734551336642,5,3
OAL4m,0,256,0.7632850241545893,NCI109,0,0.001,0.5018209477056044,0.34316067129302386,5,3
yTA22,0,256,0.7657004830917874,NCI109,0,0.001,0.4363808483421042,0.8199365232700631,5,3
epvJD,0,256,0.8043478260869565,NCI109,0,0.001,0.34289986091610253,0.8234639974902276,5,3
yC54J,0,256,0.7801932367149759,NCI109,0,0.001,0.4380095112424808,0.8202142203039562,5,3
yAiou,0,256,0.6714975845410628,NCI109,0,0.001,0.4908855683351493,0.11898017216300333,5,3
xVssw,0,256,0.7729468599033816,NCI109,0,0.001,0.43453679378044363,0.8996113977845018,5,3
jH9qE,0,256,0.7681159420289855,NCI109,0,0.001,0.6665572433954929,0.8237900511247803,5,3
kFhhi,0,256,0.7053140096618358,NCI109,0,0.001,0.4571777436050276,0.12189593660342046,5,3
YcgmT,0,256,0.7705314009661836,NCI109,0,0.001,0.8663113992081255,0.8039692863996984,5,3
yKeOe,0,256,0.7101449275362319,NCI109,0,0.001,0.937980788818455,0.12238859835918325,5,3
xTZCI,0,256,0.7995169082125604,NCI109,0,0.001,0.49472913032281707,0.8978512375797194,5,3
QNkg0,0,256,0.7536231884057971,NCI109,0,0.001,0.4964525500515555,0.5329066069048473,5,3
Cf2L4,0,256,0.7705314009661836,NCI109,0,0.001,0.49521692903603093,0.5287696759397921,5,3
HJX31,0,256,0.7077294685990339,NCI109,0,0.001,0.35288093481702737,0.12390686367896148,5,3
s8OZO,0,256,0.7777777777777778,NCI109,0,0.001,0.34554222966712467,0.8015195154124302,5,3
Y4jKZ,0,256,0.7971014492753623,NCI109,0,0.001,0.4982298699208045,0.5308967162647299,5,4
SsUqG,0,256,0.8019323671497585,NCI109,0,0.001,0.49116590574148294,0.8698873629494059,5,4
LGVW5,0,256,0.7995169082125604,NCI109,0,0.001,0.49084437625625377,0.5047973530485126,5,4
N3Qng,0,256,0.7874396135265701,NCI109,0,0.001,0.6658875390859139,0.5345806178639099,5,4
dR9zY,0,256,0.785024154589372,NCI109,0,0.001,0.8627265555715837,0.7043353982381038,5,4
y62GC,0,256,0.7971014492753623,NCI109,0,0.001,0.8761366777344745,0.7353751183170637,4,4
n2dDI,0,256,0.782608695652174,NCI109,0,0.001,0.8608512969834459,0.7360589184579189,4,4
Iqtqp,0,256,0.8019323671497585,NCI109,0,0.001,0.9232748418838105,0.8004836836375469,4,4
vBzPd,0,256,0.8115942028985508,NCI109,0,0.001,0.674722797753567,0.7026904526176941,4,4
lBJCY,0,256,0.7632850241545893,NCI109,0,0.001,0.666825460684699,0.7385033843468929,4,4
V0XdY,0,256,0.7801932367149759,NCI109,0,0.001,0.7310626107508275,0.863695916719344,4,4
RtVlq,0,256,0.7971014492753623,NCI109,0,0.001,0.847788257828376,0.8994031688141358,4,4
zUcbA,0,256,0.8091787439613527,NCI109,0,0.001,0.9378700811701033,0.7068930053573302,4,4
RBo3U,0,256,0.7560386473429952,NCI109,0,0.001,0.7400151395251827,0.7753594113578344,4,4
CR9ZF,0,256,0.8043478260869565,NCI109,0,0.001,0.84635269114428,0.8665515744373178,4,4
Ju41t,0,256,0.7922705314009661,NCI109,0,0.001,0.8390827623800414,0.7035470493605203,4,4
zVu4q,0,256,0.8091787439613527,NCI109,0,0.001,0.7392574062985593,0.8663771275325844,4,4
T6z9d,0,256,0.7898550724637681,NCI109,0,0.001,0.8391215594849917,0.859554433936801,4,4
JKCUz,0,256,0.7753623188405797,NCI109,0,0.001,0.736211557056293,0.7395041822861431,4,4
MQOn4,0,256,0.785024154589372,NCI109,0,0.001,0.8539937579219009,0.7012761176573521,4,4
zia3b,0,256,0.785024154589372,NCI109,0,0.001,0.7362563149242476,0.7066257916964409,4,4
Vjzqw,0,256,0.7946859903381642,NCI109,0,0.001,0.8489645990911697,0.7340861329638431,4,4
G2saz,0,256,0.7705314009661836,NCI109,0,0.001,0.7404548452220417,0.703030248130071,3,4
kh3wN,0,256,0.8019323671497585,NCI109,0,0.001,0.7474743492812397,0.7065321933544115,3,4
RAEnC,0,256,0.7657004830917874,NCI109,0,0.001,0.7444663487608274,0.7089380471866312,3,4
O35Wl,0,256,0.7995169082125604,NCI109,0,0.001,0.8424090884070196,0.5770129364467772,3,4
LpZrB,0,256,0.7922705314009661,NCI109,0,0.001,0.8426322310453396,0.7751455924456998,3,4
GPolp,0,256,0.7801932367149759,NCI109,0,0.001,0.7467846949329222,0.8614787713541562,3,4
